<?xml version="1.0" encoding="UTF-8"?>
<unload unload_date="2017-01-12 17:56:43">
<sys_remote_update_set action="INSERT_OR_UPDATE">
<application display_value="Service Portal Related List Widget">579198f84f98f6007e2cfa218110c726</application>
<application_name>Service Portal Related List Widget</application_name>
<application_scope>x_nero_sp_rel_list</application_scope>
<application_version>1.0.0</application_version>
<collisions/>
<commit_date/>
<deleted/>
<description> Adds related list functionality to Service Portal forms</description>
<inserted/>
<name>Service Portal Related List Widget</name>
<origin_sys_id/>
<release_date/>
<remote_sys_id>80dc38594f903a007e2cfa218110c704</remote_sys_id>
<state>loaded</state>
<summary/>
<sys_class_name>sys_remote_update_set</sys_class_name>
<sys_created_by>admin</sys_created_by>
<sys_created_on>2017-01-12 17:56:42</sys_created_on>
<sys_id>17dc745d4f903a007e2cfa218110c712</sys_id>
<sys_mod_count>0</sys_mod_count>
<sys_updated_by>admin</sys_updated_by>
<sys_updated_on>2017-01-12 17:56:42</sys_updated_on>
<update_set display_value=""/>
<update_source display_value=""/>
<updated/>
</sys_remote_update_set>
<sys_update_xml action="INSERT_OR_UPDATE">
<action>INSERT_OR_UPDATE</action>
<application display_value="Service Portal Related List Widget">579198f84f98f6007e2cfa218110c726</application>
<category>customer</category>
<comments/>
<name>sys_scope_privilege_e0c8e04d4f9cf6007e2cfa218110c7aa</name>
<payload><![CDATA[<?xml version="1.0" encoding="UTF-8"?><record_update table="sys_scope_privilege"><sys_scope_privilege action="INSERT_OR_UPDATE"><operation>read</operation><source_scope display_value="Service Portal Related List Widget">579198f84f98f6007e2cfa218110c726</source_scope><status>allowed</status><sys_class_name>sys_scope_privilege</sys_class_name><sys_created_by>admin</sys_created_by><sys_created_on>2017-01-11 21:50:23</sys_created_on><sys_customer_update>true</sys_customer_update><sys_id>e0c8e04d4f9cf6007e2cfa218110c7aa</sys_id><sys_mod_count>0</sys_mod_count><sys_name>sp_page</sys_name><sys_package display_value="Service Portal Related List Widget" source="x_nero_sp_rel_list">579198f84f98f6007e2cfa218110c726</sys_package><sys_policy/><sys_replace_on_upgrade>false</sys_replace_on_upgrade><sys_scope display_value="Service Portal Related List Widget">579198f84f98f6007e2cfa218110c726</sys_scope><sys_update_name>sys_scope_privilege_e0c8e04d4f9cf6007e2cfa218110c7aa</sys_update_name><sys_updated_by>admin</sys_updated_by><sys_updated_on>2017-01-11 21:50:23</sys_updated_on><target_name>sp_page</target_name><target_scope display_value="Global">global</target_scope><target_type>sys_db_object</target_type></sys_scope_privilege></record_update>]]></payload>
<remote_update_set display_value="Service Portal Related List Widget">17dc745d4f903a007e2cfa218110c712</remote_update_set>
<replace_on_upgrade>false</replace_on_upgrade>
<sys_created_by>admin</sys_created_by>
<sys_created_on>2017-01-12 17:56:42</sys_created_on>
<sys_id>1bdc745d4f903a007e2cfa218110c712</sys_id>
<sys_mod_count>0</sys_mod_count>
<sys_updated_by>admin</sys_updated_by>
<sys_updated_on>2017-01-12 17:56:42</sys_updated_on>
<table/>
<target_name>sp_page</target_name>
<type>Cross scope privilege</type>
<update_domain>global</update_domain>
<update_set display_value=""/>
<view/>
</sys_update_xml>
<sys_update_xml action="INSERT_OR_UPDATE">
<action>INSERT_OR_UPDATE</action>
<application display_value="Service Portal Related List Widget">579198f84f98f6007e2cfa218110c726</application>
<category>customer</category>
<comments/>
<name>sys_scope_table_access_a8c8e04d4f9cf6007e2cfa218110c7a9</name>
<payload><![CDATA[<?xml version="1.0" encoding="UTF-8"?><record_update table="sys_scope_table_access"><sys_scope_table_access action="INSERT_OR_UPDATE"><create_access>false</create_access><delete_access>false</delete_access><example_stack_trace>Default-thread-1004
	com.glide.sys.fencing.dependency.ScopeAccessProvider$ScopeAccessCache.getCurrentStackTrace(ScopeAccessProvider.java:234)
	com.glide.sys.fencing.dependency.ScopeAccessProvider$ScopeAccessCache.record(ScopeAccessProvider.java:202)
	com.glide.sys.fencing.dependency.ScopeAccessProvider$ScopeAccessCache.access$100(ScopeAccessProvider.java:81)
	com.glide.sys.fencing.dependency.ScopeAccessProvider.recordAccess(ScopeAccessProvider.java:64)
	com.glide.sys.fencing.dependency.ScopeAccessRecorder.record(ScopeAccessRecorder.java:13)
	com.glide.script.fencing.access.ScopedTableAccess.hasRightsTo(ScopedTableAccess.java:93)
	com.glide.script.fencing.access.ScopedTableAccess.hasRightsToTable(ScopedTableAccess.java:40)
	com.glide.script.fencing.ScopedGlideRecord.getScopeAccessStatusForTable(ScopedGlideRecord.java:229)
	com.glide.script.fencing.ScopedGlideRecord.checkOperationPermitted(ScopedGlideRecord.java:211)
	com.glide.script.fencing.ScopedGlideRecord.jsFunction_get(ScopedGlideRecord.java:176)
	sun.reflect.GeneratedMethodAccessor1258.invoke(Unknown Source)
	sun.reflect.DelegatingMethodAccessorImpl.invoke(DelegatingMethodAccessorImpl.java:43)
	java.lang.reflect.Method.invoke(Method.java:498)
	org.mozilla.javascript.MemberBox.invoke(MemberBox.java:138)
	org.mozilla.javascript.FunctionObject.doInvoke(FunctionObject.java:637)
	org.mozilla.javascript.FunctionObject.call(FunctionObject.java:581)
	org.mozilla.javascript.ScriptRuntime.doCall(ScriptRuntime.java:2574)
	org.mozilla.javascript.optimizer.OptRuntime.call1(OptRuntime.java:32)
	org.mozilla.javascript.gen._refname__3125._c_anonymous_2(&lt;refname&gt;:26)
	org.mozilla.javascript.gen._refname__3125.call(&lt;refname&gt;)
	org.mozilla.javascript.ScriptRuntime.doCall2(ScriptRuntime.java:2645)
	org.mozilla.javascript.ScriptRuntime.doCall(ScriptRuntime.java:2582)
	org.mozilla.javascript.optimizer.OptRuntime.call0(OptRuntime.java:23)
	org.mozilla.javascript.gen._refname__3125._c_anonymous_1(&lt;refname&gt;:1)
	org.mozilla.javascript.gen._refname__3125.call(&lt;refname&gt;)
	org.mozilla.javascript.ScriptRuntime.doCall2(ScriptRuntime.java:2645)
	org.mozilla.javascript.ScriptRuntime.doCall(ScriptRuntime.java:2582)
	org.mozilla.javascript.optimizer.OptRuntime.call0(OptRuntime.java:23)
	org.mozilla.javascript.gen._refname__3125._c_script_0(&lt;refname&gt;:1)
	org.mozilla.javascript.gen._refname__3125.call(&lt;refname&gt;)
	org.mozilla.javascript.ContextFactory.doTopCall(ContextFactory.java:560)
	org.mozilla.javascript.ScriptRuntime.doTopCall(ScriptRuntime.java:3439)
	org.mozilla.javascript.gen._refname__3125.call(&lt;refname&gt;)
	org.mozilla.javascript.gen._refname__3125.exec(&lt;refname&gt;)
	com.glide.script.ScriptEvaluator.execute(ScriptEvaluator.java:236)
	com.glide.script.ScriptEvaluator.evaluateString(ScriptEvaluator.java:107)
	com.glide.script.ScriptEvaluator.evaluateString(ScriptEvaluator.java:73)
	com.glide.script.ScriptEvaluator.evaluateString(ScriptEvaluator.java:64)
	com.glide.service_portal.SPScriptEvaluator.eval(SPScriptEvaluator.java:36)
	com.glide.service_portal.widget.SPScriptRunner.eval(SPScriptRunner.java:185)
	com.glide.service_portal.widget.SPScriptRunner.runScript(SPScriptRunner.java:82)
	com.glide.service_portal.widget.SPWidget.get(SPWidget.java:109)
	com.glide.service_portal.widget.SPWidget.get(SPWidget.java:92)
	com.glide.service_portal.SPPage.getColumnRectangles(SPPage.java:277)
	com.glide.service_portal.SPPage.getRowColumns(SPPage.java:221)
	com.glide.service_portal.SPPage.getContainerRows(SPPage.java:201)
	com.glide.service_portal.SPPage.getContainers(SPPage.java:188)
	com.glide.service_portal.SPPage.getPage(SPPage.java:98)
	com.glide.service_portal.SPPage.get(SPPage.java:55)
	com.glide.service_portal.SPRestService.page(SPRestService.java:43)
	sun.reflect.GeneratedMethodAccessor1818.invoke(Unknown Source)
	sun.reflect.DelegatingMethodAccessorImpl.invoke(DelegatingMethodAccessorImpl.java:43)
	java.lang.reflect.Method.invoke(Method.java:498)
	com.glide.rest.handler.impl.ServiceHandlerImpl.invokeService(ServiceHandlerImpl.java:41)
	com.glide.rest.processors.RESTAPIProcessor.process(RESTAPIProcessor.java:228)
	com.glide.processors.AProcessor.runProcessor(AProcessor.java:412)
	com.glide.processors.AProcessor.processTransaction(AProcessor.java:187)
	com.glide.processors.ProcessorRegistry.process(ProcessorRegistry.java:165)
	com.glide.ui.GlideServletTransaction.process(GlideServletTransaction.java:49)
	com.glide.sys.ServletTransaction.run(ServletTransaction.java:34)
	java.util.concurrent.ThreadPoolExecutor.runWorker(ThreadPoolExecutor.java:1142)
	java.util.concurrent.ThreadPoolExecutor$Worker.run(ThreadPoolExecutor.java:617)
	java.lang.Thread.run(Thread.java:745)
</example_stack_trace><read_access>true</read_access><source_scope display_value="Service Portal Related List Widget">579198f84f98f6007e2cfa218110c726</source_scope><sys_class_name>sys_scope_table_access</sys_class_name><sys_created_by>admin</sys_created_by><sys_created_on>2017-01-11 21:50:23</sys_created_on><sys_customer_update>false</sys_customer_update><sys_id>a8c8e04d4f9cf6007e2cfa218110c7a9</sys_id><sys_mod_count>0</sys_mod_count><sys_name>sp_page</sys_name><sys_package display_value="Service Portal Related List Widget" source="x_nero_sp_rel_list">579198f84f98f6007e2cfa218110c726</sys_package><sys_policy/><sys_replace_on_upgrade>false</sys_replace_on_upgrade><sys_scope display_value="Service Portal Related List Widget">579198f84f98f6007e2cfa218110c726</sys_scope><sys_update_name>sys_scope_table_access_a8c8e04d4f9cf6007e2cfa218110c7a9</sys_update_name><sys_updated_by>admin</sys_updated_by><sys_updated_on>2017-01-11 21:50:23</sys_updated_on><table_name>sp_page</table_name><target_scope display_value="Global">global</target_scope><write_access>false</write_access></sys_scope_table_access></record_update>]]></payload>
<remote_update_set display_value="Service Portal Related List Widget">17dc745d4f903a007e2cfa218110c712</remote_update_set>
<replace_on_upgrade>false</replace_on_upgrade>
<sys_created_by>admin</sys_created_by>
<sys_created_on>2017-01-12 17:56:42</sys_created_on>
<sys_id>5bdc745d4f903a007e2cfa218110c712</sys_id>
<sys_mod_count>0</sys_mod_count>
<sys_updated_by>admin</sys_updated_by>
<sys_updated_on>2017-01-12 17:56:42</sys_updated_on>
<table/>
<target_name>sp_page</target_name>
<type>Scope Table Access</type>
<update_domain>global</update_domain>
<update_set display_value=""/>
<view/>
</sys_update_xml>
<sys_update_xml action="INSERT_OR_UPDATE">
<action>INSERT_OR_UPDATE</action>
<application display_value="Service Portal Related List Widget">579198f84f98f6007e2cfa218110c726</application>
<category>customer</category>
<comments/>
<name>sp_widget_7c22103c4f98f6007e2cfa218110c776</name>
<payload>&lt;?xml version="1.0" encoding="UTF-8"?&gt;&lt;record_update table="sp_widget"&gt;&lt;sp_widget action="INSERT_OR_UPDATE"&gt;&lt;client_script&gt;&lt;![CDATA[function($rootScope, $location) {
	/* widget controller */
	var c = this;

	$rootScope.$on('data_table.click', function(event,obj) {
		console.log(obj);
		var link = {};
		link.sys_id = obj.sys_id;
		link.table = obj.table;
		link.id = c.data.page;
		$location.search(link);
	})

}]]&gt;&lt;/client_script&gt;&lt;controller_as&gt;c&lt;/controller_as&gt;&lt;css&gt;.comment {&amp;#13;
  font-weight: bold;&amp;#13;
  margin-top: 2px;&amp;#13;
  margin-bottom: 2px;&amp;#13;
}&amp;#13;
.mce-panel, .mce-btn {&amp;#13;
  background-image: none;&amp;#13;
  background-color: #f0f3f4;&amp;#13;
}&amp;#13;
&amp;#13;
.action-btn {&amp;#13;
  margin-right: 5px;&amp;#13;
}&amp;#13;
&amp;#13;
.timeline-container {&amp;#13;
  max-height: 50vh;&amp;#13;
  height: 100%;&amp;#13;
  overflow-y: auto;  &amp;#13;
}&amp;#13;
&amp;#13;
.panel .panel {&amp;#13;
  height: auto !important;&amp;#13;
}&amp;#13;
&amp;#13;
.attachment-button {&amp;#13;
  .glyphicon-paperclip {&amp;#13;
    font-size: 18px;&amp;#13;
  }&amp;#13;
}&amp;#13;
&amp;#13;
.empty-state-wrapper {&amp;#13;
  width: 100%;&amp;#13;
  height: 100%;&amp;#13;
  align-items: center;&amp;#13;
  display: flex;&amp;#13;
  flex-direction: column;&amp;#13;
  padding: 10vh 20px 20px;&amp;#13;
&amp;#13;
  .empty-state {&amp;#13;
    border: 1px solid #e7e9eb;&amp;#13;
    border-radius: 10px;&amp;#13;
    max-width: 700px;&amp;#13;
    padding: 30px 40px 20px;&amp;#13;
    position: relative;&amp;#13;
&amp;#13;
    .empty-state-badge {&amp;#13;
      top: -36px;&amp;#13;
      left: 50%;&amp;#13;
      position: absolute;&amp;#13;
      height: 72px;&amp;#13;
      width: 72px;&amp;#13;
      -webkit-align-items: center;&amp;#13;
      -ms-flex-align: center;&amp;#13;
      align-items: center;&amp;#13;
      border-radius: 100%;&amp;#13;
      color: #ffffff;&amp;#13;
      display: -webkit-flex;&amp;#13;
      display: -ms-flexbox;&amp;#13;
      display: flex;&amp;#13;
      font-size: 40px;&amp;#13;
      -webkit-justify-content: center;&amp;#13;
      -ms-flex-pack: center;&amp;#13;
      justify-content: center;&amp;#13;
      margin-left: -36px;&amp;#13;
      text-align: center;&amp;#13;
    }&amp;#13;
&amp;#13;
    .empty-state-header {&amp;#13;
      font-size: 30px;&amp;#13;
      text-align: center;&amp;#13;
      color: #343d47;&amp;#13;
    }&amp;#13;
&amp;#13;
    .empty-state-content {&amp;#13;
      ul {&amp;#13;
        list-style: disc outside;&amp;#13;
        margin: 0 0 10px 0;&amp;#13;
        padding: 0 0 0 30px;&amp;#13;
      }&amp;#13;
    }&amp;#13;
  }&amp;#13;
}&lt;/css&gt;&lt;data_table&gt;sp_instance&lt;/data_table&gt;&lt;demo_data/&gt;&lt;description/&gt;&lt;docs/&gt;&lt;field_list/&gt;&lt;has_preview&gt;false&lt;/has_preview&gt;&lt;id&gt;nr-related-lists&lt;/id&gt;&lt;internal&gt;false&lt;/internal&gt;&lt;link/&gt;&lt;name&gt;NewRocket Related List&lt;/name&gt;&lt;option_schema&gt;[{"displayValue":"Page","name":"page","label":"Page","type":"reference","value":"sp_page","ed":{"reference":"sp_page"}}]&lt;/option_schema&gt;&lt;public&gt;false&lt;/public&gt;&lt;roles/&gt;&lt;script&gt;&lt;![CDATA[/*
Copyright (c) 2017 NewRocket, Inc.

Permission is hereby granted, free of charge, to any person obtaining a copy
of this software and associated documentation files (the "Software"), to deal
in the Software without restriction, including without limitation the rights
to use, copy, modify, merge, publish, distribute, sublicense, and/or sell
copies of the Software, and to permit persons to whom the Software is
furnished to do so, subject to the following conditions:
The above copyright notice and this permission notice shall be included in all
copies or substantial portions of the Software.
THE SOFTWARE IS PROVIDED "AS IS", WITHOUT WARRANTY OF ANY KIND, EXPRESS OR
IMPLIED, INCLUDING BUT NOT LIMITED TO THE WARRANTIES OF MERCHANTABILITY,
FITNESS FOR A PARTICULAR PURPOSE AND NONINFRINGEMENT. IN NO EVENT SHALL THE
AUTHORS OR COPYRIGHT HOLDERS BE LIABLE FOR ANY CLAIM, DAMAGES OR OTHER
LIABILITY, WHETHER IN AN ACTION OF CONTRACT, TORT OR OTHERWISE, ARISING FROM,
OUT OF OR IN CONNECTION WITH THE SOFTWARE OR THE USE OR OTHER DEALINGS IN THE
SOFTWARE.
*/

(function() {

	data.f = {};
	data.table = $sp.getParameter("t") || $sp.getParameter("table") || options.table;
	data.sys_id = $sp.getParameter("sys_id") || options.sys_id;
	data.query = $sp.getParameter("query");

	if (!data.table || !data.sys_id)
		return;

	var f = $sp.getForm(data.table, data.sys_id, data.query);
	data.related_lists = f._related_lists;


	for (var i in data.related_lists) {
		var list = data.related_lists[i];
		var params = {
			table: list.table, 
			filter: list.field+"="+data.sys_id,
			view: 'sp',
			title: list.label
		};

		if (options.page) {
			var page = new GlideRecord('sp_page');
			if (page.get(options.page))
				data.page = page.getDisplayValue('id');
		}
		if (!data.page) {
			data.page = "form";	
		}

		list.widget = $sp.getWidget('widget-data-table', params);
	}

})();]]&gt;&lt;/script&gt;&lt;servicenow&gt;false&lt;/servicenow&gt;&lt;sys_class_name&gt;sp_widget&lt;/sys_class_name&gt;&lt;sys_created_by&gt;admin&lt;/sys_created_by&gt;&lt;sys_created_on&gt;2017-01-11 01:39:56&lt;/sys_created_on&gt;&lt;sys_customer_update&gt;true&lt;/sys_customer_update&gt;&lt;sys_id&gt;7c22103c4f98f6007e2cfa218110c776&lt;/sys_id&gt;&lt;sys_mod_count&gt;19&lt;/sys_mod_count&gt;&lt;sys_name&gt;NewRocket Related List&lt;/sys_name&gt;&lt;sys_package display_value="Service Portal Related List Widget" source="x_nero_sp_rel_list"&gt;579198f84f98f6007e2cfa218110c726&lt;/sys_package&gt;&lt;sys_policy/&gt;&lt;sys_replace_on_upgrade&gt;false&lt;/sys_replace_on_upgrade&gt;&lt;sys_scope display_value="Service Portal Related List Widget"&gt;579198f84f98f6007e2cfa218110c726&lt;/sys_scope&gt;&lt;sys_update_name&gt;sp_widget_7c22103c4f98f6007e2cfa218110c776&lt;/sys_update_name&gt;&lt;sys_updated_by&gt;admin&lt;/sys_updated_by&gt;&lt;sys_updated_on&gt;2017-01-12 17:55:21&lt;/sys_updated_on&gt;&lt;template&gt;&lt;![CDATA[&lt;div class="panel panel-default" ng-if="data.related_lists.length &gt; 0"&gt;
  &lt;div class="panel-body"&gt;

    &lt;ul class="nav nav-tabs" role="tablist"&gt;
      &lt;li role="presentation" ng-class='{active:$first}' ng-repeat="list in data.related_lists"&gt;
        &lt;a data-target="#{{list.table}}" aria-controls="{{list.table}}" role="tab" ng-class='{active:$first}' data-toggle="tab"&gt;
          {{list.label}}
          &lt;span class="label label-as-badge label-primary" ng-if="list.count"&gt;{{list.count}}&lt;/span&gt;
        &lt;/a&gt;
      &lt;/li&gt;
    &lt;/ul&gt;

    &lt;div class="tab-content"&gt;
      &lt;div role="tabpanel" class="tab-pane" id="{{list.table}}" ng-class='{active:$first}' ng-repeat="list in data.related_lists"&gt;

        &lt;div style="margin-top: -1px;"&gt;
          &lt;div class="alert alert-danger" ng-if="data.invalid_table"&gt;
            Table not defined '{{data.table_label}}'
          &lt;/div&gt;
          &lt;sp-widget widget="list.widget"&gt;&lt;/sp-widget&gt;
        &lt;/div&gt;

      &lt;/div&gt;
    &lt;/div&gt;
  &lt;/div&gt;
&lt;/div&gt;]]&gt;&lt;/template&gt;&lt;/sp_widget&gt;&lt;/record_update&gt;</payload>
<remote_update_set display_value="Service Portal Related List Widget">17dc745d4f903a007e2cfa218110c712</remote_update_set>
<replace_on_upgrade>false</replace_on_upgrade>
<sys_created_by>admin</sys_created_by>
<sys_created_on>2017-01-12 17:56:42</sys_created_on>
<sys_id>97dc745d4f903a007e2cfa218110c712</sys_id>
<sys_mod_count>0</sys_mod_count>
<sys_updated_by>admin</sys_updated_by>
<sys_updated_on>2017-01-12 17:56:42</sys_updated_on>
<table/>
<target_name>NewRocket Related List</target_name>
<type>Widget</type>
<update_domain>global</update_domain>
<update_set display_value=""/>
<view/>
</sys_update_xml>
<sys_update_xml action="INSERT_OR_UPDATE">
<action>INSERT_OR_UPDATE</action>
<application display_value="Service Portal Related List Widget">579198f84f98f6007e2cfa218110c726</application>
<category>customer</category>
<comments/>
<name>sys_app_579198f84f98f6007e2cfa218110c726</name>
<payload><![CDATA[<?xml version="1.0" encoding="UTF-8"?><record_update table="sys_app"><sys_app action="INSERT_OR_UPDATE"><active>true</active><enforce_license>log</enforce_license><js_level>helsinki_es5</js_level><licensable>true</licensable><logo/><menu/><name>Service Portal Related List Widget</name><private>false</private><restrict_table_access>false</restrict_table_access><runtime_access_tracking>permissive</runtime_access_tracking><scope>x_nero_sp_rel_list</scope><scoped_administration>false</scoped_administration><short_description/><source>x_nero_sp_rel_list</source><store_correlation_id/><store_url/><sys_class_name>sys_app</sys_class_name><sys_code/><sys_created_by>admin</sys_created_by><sys_created_on>2017-01-11 01:30:47</sys_created_on><sys_id>579198f84f98f6007e2cfa218110c726</sys_id><sys_mod_count>0</sys_mod_count><sys_updated_by>admin</sys_updated_by><sys_updated_on>2017-01-11 01:30:47</sys_updated_on><template/><trackable>true</trackable><user_role/><vendor/><vendor_prefix/><version>1.0.0</version></sys_app></record_update>]]></payload>
<remote_update_set display_value="Service Portal Related List Widget">17dc745d4f903a007e2cfa218110c712</remote_update_set>
<replace_on_upgrade>false</replace_on_upgrade>
<sys_created_by>admin</sys_created_by>
<sys_created_on>2017-01-12 17:56:42</sys_created_on>
<sys_id>d7dc745d4f903a007e2cfa218110c712</sys_id>
<sys_mod_count>0</sys_mod_count>
<sys_updated_by>admin</sys_updated_by>
<sys_updated_on>2017-01-12 17:56:42</sys_updated_on>
<table/>
<target_name>Service Portal Related List Widget</target_name>
<type>Custom Application</type>
<update_domain>global</update_domain>
<update_set display_value=""/>
<view/>
</sys_update_xml>
</unload>
